-- phpMyAdmin SQL Dump
-- version 5.2.0
-- https://www.phpmyadmin.net/
--
-- Host: 127.0.0.1
-- Generation Time: Oct 29, 2022 at 04:51 PM
-- Server version: 10.4.25-MariaDB
-- PHP Version: 8.0.23

SET SQL_MODE = "NO_AUTO_VALUE_ON_ZERO";
START TRANSACTION;
SET time_zone = "+00:00";


/*!40101 SET @OLD_CHARACTER_SET_CLIENT=@@CHARACTER_SET_CLIENT */;
/*!40101 SET @OLD_CHARACTER_SET_RESULTS=@@CHARACTER_SET_RESULTS */;
/*!40101 SET @OLD_COLLATION_CONNECTION=@@COLLATION_CONNECTION */;
/*!40101 SET NAMES utf8mb4 */;

--
-- Database: `asisitencia`
--

-- --------------------------------------------------------

--
-- Table structure for table `alumno`
--

CREATE TABLE `alumno` (
  `ID_alumno` varchar(25) COLLATE utf8_spanish_ci NOT NULL,
  `ID_curso` varchar(25) COLLATE utf8_spanish_ci NOT NULL,
  `nombre` varchar(100) COLLATE utf8_spanish_ci NOT NULL
) ENGINE=InnoDB DEFAULT CHARSET=utf8 COLLATE=utf8_spanish_ci;

--
-- Dumping data for table `alumno`
--

INSERT INTO `alumno` (`ID_alumno`, `ID_curso`, `nombre`) VALUES
('1990-19-4657', '1', 'Walter Acuta'),
('1990-19-5454', '1', 'Fernan Perez'),
('1990-19-6164', '1', 'Raul Garcia'),
('1990-19-6344', '1', 'Hugo Barrios');

-- --------------------------------------------------------

--
-- Table structure for table `asignacion`
--

CREATE TABLE `asignacion` (
  `ID_asignacion` varchar(25) COLLATE utf8_spanish_ci NOT NULL,
  `ID_materia` varchar(25) COLLATE utf8_spanish_ci NOT NULL,
  `ID_curso` varchar(25) COLLATE utf8_spanish_ci NOT NULL,
  `h_inicio` time NOT NULL,
  `h_fin` time NOT NULL
) ENGINE=InnoDB DEFAULT CHARSET=utf8 COLLATE=utf8_spanish_ci;

--
-- Dumping data for table `asignacion`
--

INSERT INTO `asignacion` (`ID_asignacion`, `ID_materia`, `ID_curso`, `h_inicio`, `h_fin`) VALUES
('101', '1001', '1', '09:00:00', '11:00:00'),
('102', '1002', '1', '11:00:00', '13:00:00'),
('103', '1003', '1', '14:00:00', '16:00:00'),
('104', '1004', '1', '07:00:00', '09:00:00'),
('105', '1005', '1', '16:00:00', '18:00:00');

-- --------------------------------------------------------

--
-- Table structure for table `asistencia`
--

CREATE TABLE `asistencia` (
  `ID_asistencia` varchar(25) COLLATE utf8_spanish_ci NOT NULL,
  `ID_asignacion` varchar(25) COLLATE utf8_spanish_ci NOT NULL,
  `fecha` date NOT NULL,
  `estado` int(1) NOT NULL,
  `datos` text COLLATE utf8_spanish_ci NOT NULL
) ENGINE=InnoDB DEFAULT CHARSET=utf8 COLLATE=utf8_spanish_ci;

--
-- Dumping data for table `asistencia`
--

INSERT INTO `asistencia` (`ID_asistencia`, `ID_asignacion`, `fecha`, `estado`, `datos`) VALUES
('201', '101', '2022-10-01', 1, '1990-19-6344,1990-19-6344,1990-19-9999,aaaaaa,1990-19-6344,1990-19-6344,'),
('202', '105', '2022-12-25', 1, '1990-19-6344,1990-19-4657,1990-19-6164,'),
('203', '102', '2022-10-28', 1, '1990-19-6344,'),
('sab29', '101', '2022-10-01', 1, '1990-19-6344,1990-19-5454,1990-19-6344,');

-- --------------------------------------------------------

--
-- Table structure for table `catedratico`
--

CREATE TABLE `catedratico` (
  `ID_catedratico` varchar(25) COLLATE utf8_spanish_ci NOT NULL,
  `nombre` varchar(100) COLLATE utf8_spanish_ci NOT NULL
) ENGINE=InnoDB DEFAULT CHARSET=utf8 COLLATE=utf8_spanish_ci;

--
-- Dumping data for table `catedratico`
--

INSERT INTO `catedratico` (`ID_catedratico`, `nombre`) VALUES
('1', 'Pablo de Leon'),
('2', 'Byron Subuyuc'),
('3', 'Josefa Girard'),
('4', 'Cesar Herarte');

-- --------------------------------------------------------

--
-- Table structure for table `curso`
--

CREATE TABLE `curso` (
  `ID_curso` varchar(25) COLLATE utf8_spanish_ci NOT NULL,
  `carrera` varchar(100) COLLATE utf8_spanish_ci NOT NULL,
  `seccion` varchar(100) COLLATE utf8_spanish_ci NOT NULL,
  `ciclo` varchar(100) COLLATE utf8_spanish_ci NOT NULL
) ENGINE=InnoDB DEFAULT CHARSET=utf8 COLLATE=utf8_spanish_ci;

--
-- Dumping data for table `curso`
--

INSERT INTO `curso` (`ID_curso`, `carrera`, `seccion`, `ciclo`) VALUES
('1', 'Ingenieria en Sistemas', 'A', '8'),
('2', 'Administración de Empresas', 'B', '2');

-- --------------------------------------------------------

--
-- Table structure for table `master_asist`
--

CREATE TABLE `master_asist` (
  `ID_asignacion` varchar(25) COLLATE utf8_spanish_ci NOT NULL,
  `fecha` date NOT NULL,
  `estado` int(1) NOT NULL,
  `ID_alumno` varchar(25) COLLATE utf8_spanish_ci NOT NULL
) ENGINE=InnoDB DEFAULT CHARSET=utf8 COLLATE=utf8_spanish_ci;

--
-- Dumping data for table `master_asist`
--

INSERT INTO `master_asist` (`ID_asignacion`, `fecha`, `estado`, `ID_alumno`) VALUES
('101', '2022-10-01', 1, '1990-19-5454'),
('105', '2022-12-25', 1, '1990-19-4657'),
('105', '2022-12-25', 1, '1990-19-6164'),
('101', '2022-12-25', 1, '1990-19-5454'),
('102', '2022-10-28', 1, '1990-19-6344'),
('102', '2022-10-28', 1, '1990-19-5454'),
('201', '0000-00-00', 0, 'aaaaaa'),
('', '0000-00-00', 0, '1990-19-9999'),
('', '0000-00-00', 0, '1990-19-6344'),
('101', '2022-10-01', 1, '1990-19-6344'),
('101', '2022-10-03', 1, '1990-19-4657'),
('101', '2022-10-03', 1, '1990-19-5454'),
('101', '2022-10-03', 1, '1990-19-6164'),
('101', '2022-10-03', 1, '1990-19-6344'),
('101', '2022-09-03', 1, '1990-19-4657'),
('101', '2022-09-03', 1, '1990-19-5454'),
('101', '2022-09-03', 1, '1990-19-6164'),
('101', '2022-09-03', 1, '1990-19-6344'),
('101', '2022-08-03', 1, '1990-19-4657'),
('101', '2022-08-03', 1, '1990-19-5454'),
('101', '2022-08-03', 1, '1990-19-6164'),
('101', '2022-08-03', 1, '1990-19-6344'),
('101', '2022-07-03', 1, '1990-19-4657'),
('101', '2022-07-03', 1, '1990-19-5454'),
('101', '2022-07-03', 1, '1990-19-6164'),
('101', '2022-07-03', 1, '1990-19-6344'),
('102', '2022-10-03', 1, '1990-19-4657'),
('102', '2022-10-03', 1, '1990-19-5454'),
('102', '2022-10-03', 1, '1990-19-6164'),
('102', '2022-10-03', 1, '1990-19-6344'),
('102', '2022-09-03', 1, '1990-19-4657'),
('102', '2022-09-03', 1, '1990-19-5454'),
('102', '2022-09-03', 1, '1990-19-6164'),
('102', '2022-09-03', 1, '1990-19-6344'),
('102', '2022-08-03', 1, '1990-19-4657'),
('102', '2022-08-03', 1, '1990-19-5454'),
('102', '2022-08-03', 1, '1990-19-6164'),
('102', '2022-08-03', 1, '1990-19-6344'),
('102', '2022-07-03', 1, '1990-19-4657'),
('102', '2022-07-03', 1, '1990-19-5454'),
('102', '2022-07-03', 1, '1990-19-6164'),
('102', '2022-07-03', 1, '1990-19-6344'),
('103', '2022-10-03', 1, '1990-19-4657'),
('103', '2022-10-03', 1, '1990-19-5454'),
('103', '2022-10-03', 1, '1990-19-6164'),
('103', '2022-10-03', 1, '1990-19-6344'),
('103', '2022-09-03', 1, '1990-19-4657'),
('103', '2022-09-03', 1, '1990-19-5454'),
('103', '2022-09-03', 1, '1990-19-6164'),
('103', '2022-09-03', 1, '1990-19-6344'),
('103', '2022-08-03', 1, '1990-19-4657'),
('103', '2022-08-03', 1, '1990-19-5454'),
('103', '2022-08-03', 1, '1990-19-6164'),
('103', '2022-08-03', 1, '1990-19-6344'),
('103', '2022-07-03', 1, '1990-19-4657'),
('103', '2022-07-03', 1, '1990-19-5454'),
('103', '2022-07-03', 1, '1990-19-6164'),
('103', '2022-07-03', 1, '1990-19-6344'),
('104', '2022-10-03', 1, '1990-19-4657'),
('104', '2022-10-03', 1, '1990-19-5454'),
('104', '2022-10-03', 1, '1990-19-6164'),
('104', '2022-10-03', 1, '1990-19-6344'),
('104', '2022-09-03', 1, '1990-19-4657'),
('104', '2022-09-03', 1, '1990-19-5454'),
('104', '2022-09-03', 1, '1990-19-6164'),
('104', '2022-09-03', 1, '1990-19-6344'),
('103', '2022-08-03', 1, '1990-19-4657'),
('104', '2022-08-03', 1, '1990-19-5454'),
('104', '2022-08-03', 1, '1990-19-6164'),
('104', '2022-08-03', 1, '1990-19-6344'),
('104', '2022-07-03', 1, '1990-19-4657'),
('104', '2022-07-03', 1, '1990-19-5454'),
('104', '2022-07-03', 1, '1990-19-6164'),
('104', '2022-07-03', 1, '1990-19-6344'),
('105', '2022-10-03', 1, '1990-19-4657'),
('105', '2022-10-03', 1, '1990-19-5454'),
('105', '2022-10-03', 1, '1990-19-6164'),
('105', '2022-10-03', 1, '1990-19-6344'),
('105', '2022-09-03', 1, '1990-19-4657'),
('105', '2022-09-03', 1, '1990-19-5454'),
('105', '2022-09-03', 1, '1990-19-6164'),
('105', '2022-09-03', 1, '1990-19-6344'),
('105', '2022-08-03', 1, '1990-19-4657'),
('105', '2022-08-03', 1, '1990-19-5454'),
('105', '2022-08-03', 1, '1990-19-6164'),
('105', '2022-08-03', 1, '1990-19-6344'),
('105', '2022-07-03', 1, '1990-19-4657'),
('105', '2022-07-03', 1, '1990-19-5454'),
('105', '2022-07-03', 1, '1990-19-6164'),
('105', '2022-07-03', 1, '1990-19-6344'),
('101', '2022-10-06', 1, '1990-19-4657'),
('101', '2022-10-06', 1, '1990-19-5454'),
('101', '2022-10-06', 1, '1990-19-6164'),
('101', '2022-10-06', 1, '1990-19-6344'),
('101', '2022-09-06', 1, '1990-19-5454'),
('101', '2022-09-06', 1, '1990-19-6344'),
('101', '2022-08-06', 1, '1990-19-5454'),
('101', '2022-08-06', 1, '1990-19-6164'),
('101', '2022-08-06', 1, '1990-19-6344'),
('101', '2022-07-06', 1, '1990-19-6164'),
('101', '2022-07-06', 1, '1990-19-6344'),
('102', '2022-10-06', 1, '1990-19-4657'),
('102', '2022-10-06', 1, '1990-19-6164'),
('102', '2022-09-06', 1, '1990-19-4657'),
('102', '2022-09-06', 1, '1990-19-5454'),
('102', '2022-08-06', 1, '1990-19-4657'),
('102', '2022-08-06', 1, '1990-19-5454'),
('102', '2022-08-06', 1, '1990-19-6164'),
('102', '2022-08-06', 1, '1990-19-6344'),
('102', '2022-07-06', 1, '1990-19-4657'),
('102', '2022-07-06', 1, '1990-19-6164'),
('102', '2022-07-06', 1, '1990-19-6344'),
('103', '2022-10-06', 1, '1990-19-4657'),
('103', '2022-10-06', 1, '1990-19-5454'),
('103', '2022-10-06', 1, '1990-19-6344'),
('103', '2022-09-06', 1, '1990-19-4657'),
('103', '2022-09-06', 1, '1990-19-6344'),
('103', '2022-08-06', 1, '1990-19-4657'),
('103', '2022-08-06', 1, '1990-19-5454'),
('103', '2022-08-06', 1, '1990-19-6164'),
('103', '2022-08-06', 1, '1990-19-6344'),
('103', '2022-07-06', 1, '1990-19-4657'),
('103', '2022-07-06', 1, '1990-19-6344'),
('104', '2022-10-06', 1, '1990-19-4657'),
('104', '2022-10-06', 1, '1990-19-5454'),
('104', '2022-10-06', 1, '1990-19-6164'),
('104', '2022-10-06', 1, '1990-19-6344'),
('104', '2022-09-06', 1, '1990-19-4657'),
('104', '2022-09-06', 1, '1990-19-5454'),
('104', '2022-09-06', 1, '1990-19-6164'),
('104', '2022-08-06', 1, '1990-19-6344'),
('104', '2022-07-06', 1, '1990-19-4657'),
('104', '2022-07-06', 1, '1990-19-5454'),
('104', '2022-07-06', 1, '1990-19-6164'),
('104', '2022-07-06', 1, '1990-19-6344'),
('105', '2022-10-06', 1, '1990-19-4657'),
('105', '2022-10-06', 1, '1990-19-5454'),
('105', '2022-10-06', 1, '1990-19-6164'),
('105', '2022-10-06', 1, '1990-19-6344'),
('105', '2022-09-06', 1, '1990-19-4657'),
('105', '2022-09-06', 1, '1990-19-5454'),
('105', '2022-08-06', 1, '1990-19-6164'),
('105', '2022-08-06', 1, '1990-19-6344'),
('105', '2022-07-06', 1, '1990-19-4657'),
('105', '2022-07-06', 1, '1990-19-5454'),
('105', '2022-07-06', 1, '1990-19-6344'),
('101', '2022-10-08', 1, '1990-19-4657'),
('101', '2022-10-08', 1, '1990-19-5454'),
('101', '2022-10-08', 1, '1990-19-6164'),
('101', '2022-10-08', 1, '1990-19-6344'),
('101', '2022-09-08', 1, '1990-19-4657'),
('101', '2022-09-08', 1, '1990-19-5454'),
('101', '2022-09-08', 1, '1990-19-6344'),
('101', '2022-08-08', 1, '1990-19-4657'),
('101', '2022-08-08', 1, '1990-19-5454'),
('101', '2022-08-08', 1, '1990-19-6344'),
('101', '2022-07-08', 1, '1990-19-4657'),
('101', '2022-07-08', 1, '1990-19-5454'),
('101', '2022-07-08', 1, '1990-19-6344'),
('102', '2022-10-08', 1, '1990-19-4657'),
('102', '2022-10-08', 1, '1990-19-5454'),
('102', '2022-10-08', 1, '1990-19-6344'),
('102', '2022-09-08', 1, '1990-19-4657'),
('102', '2022-09-08', 1, '1990-19-5454'),
('102', '2022-09-08', 1, '1990-19-6164'),
('102', '2022-09-08', 1, '1990-19-6344'),
('102', '2022-08-08', 1, '1990-19-5454'),
('102', '2022-08-08', 1, '1990-19-6164'),
('102', '2022-08-08', 1, '1990-19-6344'),
('102', '2022-07-08', 1, '1990-19-5454'),
('102', '2022-07-08', 1, '1990-19-6164'),
('102', '2022-07-08', 1, '1990-19-6344'),
('103', '2022-10-08', 1, '1990-19-4657'),
('103', '2022-10-08', 1, '1990-19-5454'),
('103', '2022-10-08', 1, '1990-19-6164'),
('103', '2022-10-08', 1, '1990-19-6344'),
('103', '2022-09-08', 1, '1990-19-6164'),
('103', '2022-09-08', 1, '1990-19-6344'),
('103', '2022-08-08', 1, '1990-19-4657'),
('103', '2022-08-08', 1, '1990-19-5454'),
('103', '2022-07-08', 1, '1990-19-4657'),
('103', '2022-07-08', 1, '1990-19-5454'),
('103', '2022-07-08', 1, '1990-19-6164'),
('103', '2022-07-08', 1, '1990-19-6344'),
('104', '2022-10-08', 1, '1990-19-4657'),
('104', '2022-10-08', 1, '1990-19-5454'),
('104', '2022-10-08', 1, '1990-19-6164'),
('104', '2022-10-08', 1, '1990-19-6344'),
('104', '2022-09-08', 1, '1990-19-6164'),
('104', '2022-09-08', 1, '1990-19-6344'),
('103', '2022-08-08', 1, '1990-19-4657'),
('104', '2022-08-08', 1, '1990-19-5454'),
('104', '2022-08-08', 1, '1990-19-6164'),
('104', '2022-08-08', 1, '1990-19-6344'),
('104', '2022-07-08', 1, '1990-19-6164'),
('104', '2022-07-08', 1, '1990-19-6344'),
('105', '2022-10-08', 1, '1990-19-4657'),
('105', '2022-10-08', 1, '1990-19-6164'),
('105', '2022-10-08', 1, '1990-19-6344'),
('105', '2022-09-08', 1, '1990-19-4657'),
('105', '2022-09-08', 1, '1990-19-6344'),
('105', '2022-08-08', 1, '1990-19-4657'),
('105', '2022-08-08', 1, '1990-19-5454'),
('105', '2022-08-08', 1, '1990-19-6164'),
('105', '2022-07-08', 1, '1990-19-5454'),
('105', '2022-07-08', 1, '1990-19-6164'),
('105', '2022-07-08', 1, '1990-19-6344');

-- --------------------------------------------------------

--
-- Table structure for table `materia`
--

CREATE TABLE `materia` (
  `ID_materia` varchar(25) COLLATE utf8_spanish_ci NOT NULL,
  `ID_catedratico` varchar(25) COLLATE utf8_spanish_ci NOT NULL,
  `materia` varchar(100) COLLATE utf8_spanish_ci NOT NULL
) ENGINE=InnoDB DEFAULT CHARSET=utf8 COLLATE=utf8_spanish_ci;

--
-- Dumping data for table `materia`
--

INSERT INTO `materia` (`ID_materia`, `ID_catedratico`, `materia`) VALUES
('1001', '1', 'Desarrollo Web'),
('1002', '2', 'Analisis de Sistemas II'),
('1003', '2', 'Redes de Computadoras'),
('1004', '3', 'Arquitectura del Computador II'),
('1005', '4', 'Etica Profesional');

-- --------------------------------------------------------

--
-- Table structure for table `usuario`
--

CREATE TABLE `usuario` (
  `ID_usuario` varchar(25) COLLATE utf8_spanish_ci NOT NULL,
  `nombre` varchar(100) COLLATE utf8_spanish_ci NOT NULL,
  `contraseña` varchar(25) COLLATE utf8_spanish_ci NOT NULL
) ENGINE=InnoDB DEFAULT CHARSET=utf8 COLLATE=utf8_spanish_ci;

--
-- Dumping data for table `usuario`
--

INSERT INTO `usuario` (`ID_usuario`, `nombre`, `contraseña`) VALUES
('1', 'admin', '123');

--
-- Indexes for dumped tables
--

--
-- Indexes for table `alumno`
--
ALTER TABLE `alumno`
  ADD PRIMARY KEY (`ID_alumno`),
  ADD KEY `ID_curso` (`ID_curso`);

--
-- Indexes for table `asignacion`
--
ALTER TABLE `asignacion`
  ADD PRIMARY KEY (`ID_asignacion`),
  ADD KEY `ID_materia` (`ID_materia`,`ID_curso`),
  ADD KEY `ID_curso` (`ID_curso`);

--
-- Indexes for table `asistencia`
--
ALTER TABLE `asistencia`
  ADD PRIMARY KEY (`ID_asistencia`),
  ADD KEY `ID_asignacion` (`ID_asignacion`);

--
-- Indexes for table `catedratico`
--
ALTER TABLE `catedratico`
  ADD PRIMARY KEY (`ID_catedratico`);

--
-- Indexes for table `curso`
--
ALTER TABLE `curso`
  ADD PRIMARY KEY (`ID_curso`);

--
-- Indexes for table `materia`
--
ALTER TABLE `materia`
  ADD PRIMARY KEY (`ID_materia`),
  ADD KEY `ID_catedratico` (`ID_catedratico`);

--
-- Indexes for table `usuario`
--
ALTER TABLE `usuario`
  ADD PRIMARY KEY (`ID_usuario`);

--
-- Constraints for dumped tables
--

--
-- Constraints for table `alumno`
--
ALTER TABLE `alumno`
  ADD CONSTRAINT `alumno_ibfk_1` FOREIGN KEY (`ID_curso`) REFERENCES `curso` (`ID_curso`);

--
-- Constraints for table `asignacion`
--
ALTER TABLE `asignacion`
  ADD CONSTRAINT `asignacion_ibfk_1` FOREIGN KEY (`ID_materia`) REFERENCES `materia` (`ID_materia`),
  ADD CONSTRAINT `asignacion_ibfk_2` FOREIGN KEY (`ID_curso`) REFERENCES `curso` (`ID_curso`);

--
-- Constraints for table `asistencia`
--
ALTER TABLE `asistencia`
  ADD CONSTRAINT `asistencia_ibfk_1` FOREIGN KEY (`ID_asignacion`) REFERENCES `asignacion` (`ID_asignacion`);

--
-- Constraints for table `materia`
--
ALTER TABLE `materia`
  ADD CONSTRAINT `materia_ibfk_1` FOREIGN KEY (`ID_catedratico`) REFERENCES `catedratico` (`ID_catedratico`);
COMMIT;

/*!40101 SET CHARACTER_SET_CLIENT=@OLD_CHARACTER_SET_CLIENT */;
/*!40101 SET CHARACTER_SET_RESULTS=@OLD_CHARACTER_SET_RESULTS */;
/*!40101 SET COLLATION_CONNECTION=@OLD_COLLATION_CONNECTION */;
